,NCT ID,Acronym,Sponsor,Overall Status,Start Date,Conditions,Interventions,Locations,Primary Completion Date,Study First Post Date,Last Update Post Date,Study Type,Phases,Publicly Traded
0,NCT00445627,Unknown,"{'name': 'National Institute of Diabetes and Digestive and Kidney Diseases (NIDDK)', 'class': 'NIH'}",COMPLETED,2007-06-18,"Obesity, Overweight, Diabetes Mellitus, Type 2","Metformin, Insulin, Nutrition counseling, Exercise counseling",Bethesda - United States,Unknown Date,2007-03-09,2024-11-19,OBSERVATIONAL,Not Available,False
1,NCT01843127,Unknown,"{'name': 'Gilead Sciences', 'class': 'INDUSTRY'}",COMPLETED,2013-04,Type 2 Diabetes Mellitus,"Ranolazine, Placebo, Exenatide","Chula Vista - United States, Miami - United States, Orlando - United States",2013-09,2013-04-30,2014-03-31,INTERVENTIONAL,PHASE1,False
2,NCT00488527,DOMME,"{'name': 'Sanofi', 'class': 'INDUSTRY'}",COMPLETED,2007-04,"Diabetes Mellitus, Type 2",Insulin glargine,Mexico - Mexico,2008-12,2007-06-20,2010-09-13,INTERVENTIONAL,PHASE4,False
3,NCT02980627,iOmit,"{'name': 'Duke University', 'class': 'OTHER'}",COMPLETED,2016-03,"Type 1 Diabetes Mellitus, Eating Disorders",Therapy with Mobile App Enhancement,"Durham - United States, Durham - United States",2019-05-02,2016-12-02,2019-06-11,INTERVENTIONAL,NA,False
4,NCT05188027,Unknown,"{'name': 'University of Alberta', 'class': 'OTHER'}",RECRUITING,2021-11-16,"Type 1 Diabetes, Post-menopause","Aerobic Exercise, Resistance Exercise, No exercise","Edmonton - Canada, Montreal - Canada",2025-12-30,2022-01-12,2025-02-05,INTERVENTIONAL,NA,False
5,NCT04161976,Unknown,"{'name': 'Eli Lilly and Company', 'class': 'INDUSTRY'}",COMPLETED,2019-12-27,"Diabetes Mellitus, Type 1","LY900027, Insulin Lispro",Neuss - Germany,2020-07-14,2019-11-13,2020-08-05,INTERVENTIONAL,PHASE1,False
6,NCT00349427,Unknown,"{'name': 'GlaxoSmithKline', 'class': 'INDUSTRY'}",COMPLETED,2005-10,"Type 2 Diabetes Mellitus, Diabetes Mellitus, Type 2",Rosiglitazone 4 mg,"Nanjing - China, Xian - China, Beijing - China, Beijing - China, Beijing - China, Beijing - China, Shanghai - China, Shanghai - China, Shanghai - China, Tianjin - China",Unknown Date,2006-07-07,2012-06-04,INTERVENTIONAL,PHASE3,False
7,NCT05143827,Unknown,"{'name': 'Azienda Ospedaliero-Universitaria Careggi', 'class': 'OTHER'}",UNKNOWN,2021-11-20,Diabetes Type 2,"Pasta manufactured with traditional wheat varieties (Senatore Cappelli, Korasan), Pasta manufactured with current wheat varieties (Claudio)",Firenze - Italy,2022-08-31,2021-12-03,2022-07-20,INTERVENTIONAL,NA,False
8,NCT00064727,Unknown,"{'name': 'National Heart, Lung, and Blood Institute (NHLBI)', 'class': 'NIH'}",COMPLETED,2003-07-09,Congestive Heart Failure,"Avandia (Rosiglitazone), Avanclia (Rosiqlitazone)","Bethesda - United States, Bethesda - United States",Unknown Date,2003-07-11,2017-07-02,INTERVENTIONAL,PHASE2,False
9,NCT06401876,Unknown,"{'name': 'Mayo Clinic', 'class': 'OTHER'}",RECRUITING,2024-05-01,"Glucose Intolerance, Insulin Resistance, Diabetes",No interventions listed,Jacksonville - United States,2025-05,2024-05-07,2024-05-21,OBSERVATIONAL,Not Available,False
10,NCT05069727,780GGS,"{'name': 'Sidra Medicine', 'class': 'OTHER'}",COMPLETED,2021-11-21,Diabetes type1,"Regular Protocol with advanced carbohydrate counting, Simplified Protocol with fixed carbohydrate content",Doha - Qatar,2022-06-30,2021-10-06,2023-04-12,INTERVENTIONAL,NA,False
11,NCT03784027,KidsAP02,"{'name': 'University of Cambridge', 'class': 'OTHER'}",COMPLETED,2019-05-01,Type 1 Diabetes Mellitus,"CamAPS FX, Sensor augmented therapy","Graz - Austria, Innsbruck - Austria, Wien - Austria, Leipzig - Germany, Luxembourg - Luxembourg, Cambridge - United Kingdom, Cambridge - United Kingdom, Leeds - United Kingdom",2021-02-22,2018-12-21,2022-11-02,INTERVENTIONAL,NA,False
12,NCT06593327,STRONG-DM,"{'name': 'University of Texas Southwestern Medical Center', 'class': 'OTHER'}",NOT_YET_RECRUITING,2025-01-15,"Type 2 Diabetes, Diabetic Cardiomyopathy, Heart Failure, Cardiometabolic Diseases",Intensive Prevention Strategy,Dallas - United States,2026-12-10,2024-09-19,2024-12-02,INTERVENTIONAL,NA,False
13,NCT03823027,Unknown,"{'name': 'Sigrid Therapeutics AB', 'class': 'INDUSTRY'}",COMPLETED,2019-01-28,"PreDiabetes, Pre Diabetes, Prediabetic State, Type2 Diabetes, Type2 Diabetes Mellitus, Overweight, Obese",SiPore15™,"Kuopio - Finland, Uppsala - Sweden",2019-10-02,2019-01-30,2019-11-05,INTERVENTIONAL,NA,False
14,NCT03178773,TExTMED+FANSII,"{'name': 'University of Southern California', 'class': 'OTHER'}",COMPLETED,2017-07-18,Diabetes,"TExT-MED, FANS",Los Angeles - United States,2019-12-02,2017-06-07,2021-08-06,INTERVENTIONAL,PHASE2,False
15,NCT03997773,Face-it,"{'name': 'Steno Diabetes Center Copenhagen', 'class': 'OTHER'}",COMPLETED,2019-05-16,"Gestational Diabetes, Type 2 Diabetes Mellitus, Quality of Life",Face-it Intervention,"Aarhus - Denmark, Copenhagen - Denmark, Odense - Denmark",2023-06-06,2019-06-25,2024-07-12,INTERVENTIONAL,NA,False
16,NCT06648876,Unknown,"{'name': 'RenJi Hospital', 'class': 'OTHER'}",NOT_YET_RECRUITING,2024-10-31,"Diabetes, Renal Insufficiency, Chronic, Hemodialysis","YG1699, Placebo",Shanghai - China,2025-08-31,2024-10-18,2024-10-18,INTERVENTIONAL,PHASE1,False
17,NCT04843527,Unknown,"{'name': 'Abbott Diabetes Care', 'class': 'INDUSTRY'}",ACTIVE_NOT_RECRUITING,2021-04-02,"Diabetes Mellitus, Type 2","FreeStyle Libre System, FreeStyle Libre System plus food app","Boston - United States, Detroit - United States, Minneapolis - United States, Pittsburgh - United States",2025-06,2021-04-13,2025-01-30,INTERVENTIONAL,NA,False
18,NCT00328627,Unknown,"{'name': 'Takeda', 'class': 'INDUSTRY'}",COMPLETED,2006-05,Type 2 Diabetes Mellitus,"Alogliptin, Alogliptin placebo, Pioglitazone, Pioglitazone placebo","Birmingham - United States, Columbiana - United States, Huntsville - United States, Phoenix - United States, Little Rock - United States, Searcy - United States, Sherwood - United States, Burbank - United States, Foothill Ranch - United States, Irvine - United States, Sacramento - United States, San Diego - United States, Temecula - United States, Tustin - United States, Colorado Springs - United States, Washington - United States, Hollywood - United States, Kissimmee - United States, Miami - United States, New Port Richey - United States, Pembroke Pines - United States, Pinellas Park - United States, Sarasota - United States, Vero Beach - United States, Atlanta - United States, Roswell - United States, Savannah - United States, Warner Robins - United States, Chicago - United States, Peoria - United States, Lafayette - United States, South Bend - United States, Waterloo - United States, Munfordville - United States, Baton Rouge - United States, Marrero - United States, Elkridge - United States, Prince Frederick - United States, Towson - United States, Marlborough - United States, Ann Arbor - United States, Cadillac - United States, Detroit - United States, Livonia - United States, Kansas City - United States, North Las Vegas - United States, Blackwood - United States, Trenton - United States, New York - United States, Charlotte - United States, Statesville - United States, Gallipolis - United States, Marion - United States, Clinton - United States, Oklahoma City - United States, Tulsa - United States, Allentown - United States, Altoona - United States, Philadelphia - United States, Pittsburgh - United States, Alcoa - United States, Milan - United States, Morristown - United States, Arlington - United States, Carrollton - United States, Dallas - United States, Fort Worth - United States, Houston - United States, San Antonio - United States, Temple - United States, Salt Lake City - United States, Burlington - United States, Multiple Cities - Australia, Multiple Cities - Brazil, Multiple Cities - Bulgaria, Multiple Cities - Chile, Multiple Cities - Croatia, Multiple Cities - Estonia, Multiple Cities - Guatemala, Multiple Cities - India, Multiple Cities - Israel, Multiple Cities - Latvia, Multiple Cities - Mexico, Multiple Cities - New Zealand, Multiple Cities - Peru, Multiple Cities - Romania, Multiple Cities - Russian Federation, Multiple Cities - Serbia, Multiple Cities - South Africa, Multiple Cities - Ukraine",2008-03,2006-05-22,2013-04-04,INTERVENTIONAL,PHASE3,False
19,NCT03165227,Unknown,"{'name': 'Boehringer Ingelheim', 'class': 'INDUSTRY'}",COMPLETED,2017-10-17,Diabetic Nephropathies,"BI 685509, Placebo","Huntsville - United States, La Mesa - United States, Los Gatos - United States, Denver - United States, Clearwater - United States, Fort Lauderdale - United States, Hialeah - United States, Lauderdale Lakes - United States, Miami Springs - United States, Miami - United States, Tampa - United States, Meridian - United States, Chicago - United States, New Orleans - United States, Shreveport - United States, Laurelton - United States, Wilmington - United States, Knoxville - United States, Dallas - United States, Houston - United States, San Antonio - United States, Norfolk - United States, Bonheiden - Belgium, Brussel - Belgium, Edegem - Belgium, Gent - Belgium, Liège - Belgium, Toronto - Canada, Brno - Czechia, Brno - Czechia, Prague 6 - Czechia, Prague - Czechia, Praha 4 - Czechia, Erfurt - Germany, Hamburg - Germany",2019-12-10,2017-05-24,2020-01-13,INTERVENTIONAL,PHASE1,False
20,NCT06618027,BREATHE-T1D,"{'name': ""Children's National Research Institute"", 'class': 'OTHER'}",NOT_YET_RECRUITING,2025-03-30,Type 1 Diabetes (T1D),"BREATHE-T1D, HealthEd-T1D","Aurora - United States, Washington - United States",2029-01-31,2024-10-01,2024-10-01,INTERVENTIONAL,"PHASE2, PHASE3",False
21,NCT04799327,Unknown,"{'name': 'Jiangsu HengRui Medicine Co., Ltd.', 'class': 'INDUSTRY'}",UNKNOWN,2021-03-29,Obesity,"SHR20004, SHR20004, SHR20004, placebo","Beijing - China, TaiYuan - China",2022-05-15,2021-03-16,2022-03-15,INTERVENTIONAL,PHASE2,False
22,NCT03981627,Unknown,"{'name': 'Adocia', 'class': 'INDUSTRY'}",COMPLETED,2019-06-06,Type 1 Diabetes Mellitus,"ADO09 formulation, NovoRapid®",Neuss - Germany,2020-06-27,2019-06-11,2020-11-30,INTERVENTIONAL,"PHASE1, PHASE2",False
23,NCT01135927,Unknown,"{'name': 'Novo Nordisk A/S', 'class': 'INDUSTRY'}",COMPLETED,2010-06,"Diabetes, Diabetes Mellitus, Type 1","insulin degludec, insulin detemir",Tokyo - Japan,2010-10,2010-06-03,2017-01-20,INTERVENTIONAL,PHASE1,False
24,NCT00518427,QoL,"{'name': 'Sanofi', 'class': 'INDUSTRY'}",COMPLETED,2005-10,Diabetes Type 2,Insulin Glargine,Bromma - Sweden,2008-03,2007-08-20,2009-12-07,INTERVENTIONAL,PHASE4,False
25,NCT06588127,Unknown,"{'name': 'Lin Han', 'class': 'OTHER'}",ACTIVE_NOT_RECRUITING,2024-07-01,"Economics, Behavioral, Hypertension, Type 2 Diabetes Mellitus (T2DM), Self-management Behavior, Health Behavior",nudge,Lanzhou - China,2025-01,2024-09-19,2024-09-19,INTERVENTIONAL,NA,False
26,NCT01346527,Unknown,"{'name': 'Washington University School of Medicine', 'class': 'OTHER'}",COMPLETED,2011-04,"Type 2 Diabetes, Pregnancy",No interventions listed,Saint Louis - United States,2014-02,2011-05-03,2018-05-11,OBSERVATIONAL,Not Available,False
27,NCT04957173,ILIAD,"{'name': ""Centre hospitalier de l'Université de Montréal (CHUM)"", 'class': 'OTHER'}",WITHDRAWN,2021-10-14,Type 2 Diabetes Treated With Insulin,Lifestyle intervention,No locations listed,2023-07-30,2021-07-12,2023-09-05,INTERVENTIONAL,NA,False
28,NCT04646473,Unknown,"{'name': 'Trustees of Dartmouth College', 'class': 'OTHER'}",ACTIVE_NOT_RECRUITING,2021-04-29,Type 1 Diabetes,"SweetGoals app, Coaching, Incentives",Hanover - United States,2025-04-30,2020-11-30,2024-03-27,INTERVENTIONAL,NA,False
29,NCT05620927,HAD-1,"{'name': 'Poznan University of Medical Sciences', 'class': 'OTHER'}",UNKNOWN,2022-11-24,"Type 1 Diabetes, Hypoglycemia Unawareness, Cardiac Autonomic Neuropathy",No interventions listed,Poznan - Poland,2023-10-30,2022-11-17,2022-11-28,OBSERVATIONAL,Not Available,False
30,NCT00978627,BOOST™,"{'name': 'Novo Nordisk A/S', 'class': 'INDUSTRY'}",COMPLETED,2009-08,"Diabetes, Diabetes Mellitus, Type 1","insulin degludec/insulin aspart, insulin detemir, insulin aspart, insulin aspart","La Mesa - United States, Lancaster - United States, Mission Hills - United States, North Hollywood - United States, Salinas - United States, Valencia - United States, Aurora - United States, Miami - United States, Miami - United States, Atlanta - United States, Lawrenceville - United States, Roswell - United States, Honolulu - United States, Chicago - United States, Shawnee Mission - United States, Lexington - United States, Eagan - United States, Minneapolis - United States, St. Peters - United States, Butte - United States, Omaha - United States, Henderson - United States, Albany - United States, Northport - United States, Morehead City - United States, Greer - United States, Dallas - United States, San Antonio - United States, San Antonio - United States, Seattle - United States, Broadmeadow - Australia, Camperdown - Australia, Coffs Harbour - Australia, Keswick - Australia, Box Hill - Australia, Fitzroy - Australia, Geelong - Australia, Aalborg - Denmark, Gentofte - Denmark, Århus C - Denmark, Auxerre - France, Narbonne - France, Nimes - France, Pointe à Pitre - France, Petah Tikva - Israel, Rishon Le Zion - Israel, Tel Hashomer - Israel, Lodz - Poland, Lodz - Poland, Sopot - Poland, Szczecin - Poland, Warszawa - Poland, Warszawa - Poland, Bayamon - Puerto Rico, Cluj Napoca - Romania, Brasov - Romania, Bucharest - Romania, Bucharest - Romania, Buzau - Romania, Iasi - Romania, Oradea - Romania, Sibiu - Romania, Kemerovo - Russian Federation, Kursk - Russian Federation, Moscow - Russian Federation, Moscow - Russian Federation, Penza - Russian Federation, Saint-Petersburg - Russian Federation, Samara - Russian Federation, Saratov - Russian Federation, Saratov - Russian Federation, Smolensk - Russian Federation, Volgograd - Russian Federation, Bristol - United Kingdom, Dundee - United Kingdom, Edinburgh - United Kingdom, Leicester - United Kingdom, Liverpool - United Kingdom, Oxford - United Kingdom, Salford - United Kingdom, Wirral, Merseyside - United Kingdom",2010-05,2009-09-17,2017-03-20,INTERVENTIONAL,PHASE3,False
31,NCT03539627,AcADEME,"{'name': 'Research Institute for Complex Problems of Cardiovascular Diseases, Russia', 'class': 'OTHER'}",COMPLETED,2018-11-07,"Arterial Hypertension, Diabetes Mellitus, Stable Chronic Angina",Azilsartan Medoxomil 40 MG Oral Tablet [Edarbi],Kemerovo - Russian Federation,2022-04-29,2018-05-29,2022-10-26,OBSERVATIONAL,Not Available,False
32,NCT00552227,Unknown,"{'name': 'Chromaderm, Inc.', 'class': 'INDUSTRY'}",COMPLETED,2002-09,Diabetes Mellitus,"ruboxistaurin, placebo",Philadelphia - United States,Unknown Date,2007-11-01,2016-07-26,INTERVENTIONAL,PHASE1,False
33,NCT00166673,Unknown,"{'name': 'Jaeb Center for Health Research', 'class': 'OTHER'}",COMPLETED,2005-08,"Diabetes Mellitus, Insulin-Dependent",FreeStyle Navigator Continuous Glucose Monitoring System,"Stanford - United States, Aurora - United States, New Haven - United States, Jacksonville - United States, Tampa - United States, Iowa City - United States",Unknown Date,2005-09-14,2016-09-05,INTERVENTIONAL,"PHASE2, PHASE3",False
34,NCT03768973,Unknown,"{'name': 'Szeged University', 'class': 'OTHER'}",UNKNOWN,2019-02-01,"Diabetes Mellitus, Cardiac Surgical Procedures, Respiratory Mechanics, Capnography",Elective cardiac surgery,Szeged - Hungary,2020-06,2018-12-07,2019-05-16,OBSERVATIONAL,Not Available,False
35,NCT05135676,TIGHT,"{'name': 'Jaeb Center for Health Research', 'class': 'OTHER'}",COMPLETED,2022-05-10,"Diabetes Mellitus, Type 2","Blinded CGM, real-time CGM","Aurora - United States, Atlanta - United States, Baltimore - United States, Chapel Hill - United States, Pittsburgh - United States, Seattle - United States",2024-03-01,2021-11-26,2024-03-22,INTERVENTIONAL,NA,False
36,NCT03687827,SWITCH PRO,"{'name': 'Novo Nordisk A/S', 'class': 'INDUSTRY'}",COMPLETED,2018-10-02,"Diabetes Mellitus, Type 2","Insulin degludec, Insulin glargine","Chandler - United States, Tucson - United States, Fresno - United States, Lancaster - United States, Northridge - United States, Poway - United States, Van Nuys - United States, Hamden - United States, Bradenton - United States, Cooper City - United States, Hollywood - United States, New Port Richey - United States, Orlando - United States, Pembroke Pines - United States, Skokie - United States, Topeka - United States, Lexington - United States, Louisville - United States, Boston - United States, Boston - United States, Kalispell - United States, New Windsor - United States, Greenville - United States, Statesville - United States, Cincinnati - United States, Toledo - United States, Pelzer - United States, Dakota Dunes - United States, Nashville - United States, Amarillo - United States, Kerrville - United States, San Antonio - United States, San Antonio - United States, San Antonio - United States, Calgary - Canada, Victoria - Canada, Concord - Canada, Etobicoke - Canada, London - Canada, Markham - Canada, Oakville - Canada, Toronto - Canada, Toronto - Canada, Montreal - Canada, Bialystok - Poland, Bialystok - Poland, Gdansk - Poland, Lublin - Poland, Warsaw - Poland, Ponce - Puerto Rico, Bratislava - Slovakia, Bratislava - Slovakia, Bytca - Slovakia, Levice - Slovakia, Malacky - Slovakia, Nove Mesto nad Vahom - Slovakia, Nove Zamky - Slovakia, Trebisov - Slovakia, Trnava - Slovakia, Zilina - Slovakia, Port Elizabeth - South Africa, Bloemfontein - South Africa, Johannesburg - South Africa, Johannesburg - South Africa, Lenasia - South Africa, Pretoria - South Africa, Cape Town - South Africa",2019-12-20,2018-09-27,2021-01-12,INTERVENTIONAL,PHASE4,False
37,NCT05717127,Unknown,"{'name': 'Mount Sinai Hospital, Canada', 'class': 'OTHER'}",COMPLETED,2021-09-01,"Diabetes Mellitus, Type 2, Obesity","Time restricted feeding, Standard lifestyle",Toronto - Canada,2023-06-01,2023-02-08,2024-11-20,INTERVENTIONAL,NA,False
38,NCT05654727,Unknown,"{'name': 'Bezmialem Vakif University', 'class': 'OTHER'}",COMPLETED,2021-07-01,"Diabetes Type 2, PreDiabetes, Cognitive Impairment",No interventions listed,Istanbul - Turkey,2022-07-01,2022-12-16,2022-12-19,OBSERVATIONAL,Not Available,False
39,NCT02948673,DIMITOS,"{'name': 'University of Copenhagen', 'class': 'OTHER'}",COMPLETED,2016-05,"Type 2 Diabetes, Oxidative Stress, Mitochondrial Reactive Oxygen Species Production","Glutathione, Placebo",Copenhagen - Denmark,2017-12,2016-10-28,2018-05-02,INTERVENTIONAL,NA,False
40,NCT01984827,Unknown,"{'name': 'Richmond Research Institute', 'class': 'INDUSTRY'}",COMPLETED,2019-02-10,Diabetes,"Moxifloxacin, hyper-glycaemic clamp",London - United Kingdom,2020-12-31,2013-11-15,2021-05-05,INTERVENTIONAL,PHASE1,False
41,NCT04891627,Unknown,"{'name': 'Uşak University', 'class': 'OTHER'}",COMPLETED,2021-01-06,"Periodontitis, Diabetes",Gingival crevicular fluid,Uşak - Turkey,2021-04-21,2021-05-18,2023-01-12,OBSERVATIONAL,Not Available,False
42,NCT01018173,Unknown,"{'name': 'Hoffmann-La Roche', 'class': 'INDUSTRY'}",COMPLETED,2010-01,Diabetes Mellitus Type 2,"placebo, taspoglutide","Phoenix - United States, Tucson - United States, Buena Park - United States, Calabasas - United States, Fresno - United States, Santa Ana - United States, Walnut Creek - United States, Centennial - United States, Colorado Springs - United States, Trumbull - United States, Washington - United States, Clearwater - United States, Delray Beach - United States, Jacksonville - United States, Miami - United States, Ponte Verde - United States, Bloomingdale - United States, Chicago - United States, Chicago - United States, Evansville - United States, Baltimore - United States, Oxon Hill - United States, Jackson - United States, Saint Louis - United States, North Platte - United States, Omaha - United States, Las Vegas - United States, Las Vegas - United States, Nashua - United States, Toms River - United States, Mineola - United States, New York - United States, Calabash - United States, Cary - United States, Chapel Hill - United States, Charlotte - United States, Durham - United States, Mooresville - United States, Raleigh - United States, Bismarck - United States, Bismark - United States, Cleveland - United States, Kettering - United States, Toledo - United States, Bend - United States, Medford - United States, Portland - United States, Beaver - United States, Levittown - United States, Philadelphia - United States, Pottstown - United States, Greer - United States, Hickory - United States, Bristol - United States, Johnson City - United States, Austin - United States, Carrollton - United States, Dallas - United States, Dallas - United States, Dallas - United States, Fort Worth - United States, Houston - United States, Irving - United States, North Richland Hills - United States, Richardson - United States, San Antonio - United States, San Antonio - United States, Temple - United States, Salt Lake City - United States, Burke - United States, Hampton - United States, Manassas - United States, Norfolk - United States, Richmond - United States, Winchester - United States, Tacoma - United States, Freemantle - Australia, Herston - Australia, Elizabeth Vale - Australia, Melbourne - Australia, Fortaleza - Brazil, Fortaleza - Brazil, Campina Grande do Sul - Brazil, Rio de Janeiro - Brazil, Rio de Janeiro - Brazil, Sao Paulo - Brazil, Sao Paulo - Brazil, Sao Paulo - Brazil, Sao Paulo - Brazil, Sao Paulo - Brazil, Byala - Bulgaria, Pleven - Bulgaria, Plovdiv - Bulgaria, Sofia - Bulgaria, Sofia - Bulgaria, Varna - Bulgaria, Barrie - Canada, Toronto - Canada, Montreal - Canada, Sherbrooke - Canada, Havirov - Czech Republic, Jindrichuv Hradec - Czech Republic, Marianske Lazne - Czech Republic, Olomouc - Czech Republic, Pardubice - Czech Republic, Praha - Czech Republic, Rakovnik - Czech Republic, Ricany u Prahy - Czech Republic, Semily - Czech Republic, Trutnov - Czech Republic, Uherske Hradiste - Czech Republic, Usti nad Labem - Czech Republic, Aalborg - Denmark, Ballerup - Denmark, Hvidovre - Denmark, Vejle - Denmark, Paide - Estonia, Saku - Estonia, Tallinn - Estonia, Tallinn - Estonia, Tallinn - Estonia, Tallinn - Estonia, Tartu - Estonia, Tartu - Estonia, Viljandimaa - Estonia, Voru - Estonia, Bad Lauterberg - Germany, Bad Oeynhausen - Germany, Bochum - Germany, Dortmund - Germany, Dresden - Germany, Essen - Germany, Hamburg - Germany, Kleve - Germany, Neuss - Germany, Nürnberg - Germany, Wuppertal - Germany, Balatonfuered - Hungary, Budapest - Hungary, Budapest - Hungary, Budapest - Hungary, Debrecen - Hungary, Gyula - Hungary, Hodmezovasarhely - Hungary, Komarom - Hungary, Mako - Hungary, Sopron - Hungary, Szikszo - Hungary, Urhida - Hungary, Veszprem - Hungary, Ahmedabad - India, Aurangabad - India, Bangalore - India, Bangalore - India, Bangalore - India, Bangalore - India, Banglore - India, Bhopal - India, Chennai - India, Chennai - India, Chennai - India, Cochin - India, Hyderabad - India, Jaipur - India, Kolkata - India, Madurai - India, Mangalore - India, Mumbai - India, Mumbai - India, Nagpur - India, Nagpur - India, Pune - India, Pune - India, Pune - India, Jerusalem - Israel, Alytus - Lithuania, Kaunas - Lithuania, Kaunas - Lithuania, Kaunas - Lithuania, Kaunas - Lithuania, Klaipeda - Lithuania, Panevezys - Lithuania, Vilnius - Lithuania, Vilnius - Lithuania, Johor - Malaysia, Kelantan - Malaysia, Penang - Malaysia, Aguascalientes - Mexico, Chihuahua - Mexico, Cuernavaca - Mexico, Culiacan - Mexico, Durango - Mexico, Juarez, Distrito Federal - Mexico, Mexico City - Mexico, Mexico - Mexico, Monterrey - Mexico, Tampico - Mexico, Gdansk - Poland, Gdynia - Poland, Kamieniec Zabkowicki - Poland, Katowice - Poland, Kielce - Poland, Krakow - Poland, Krakow - Poland, Lodz - Poland, Plock - Poland, Poznan - Poland, Radom - Poland, Warszawa - Poland, Warszawa - Poland, Warszawa - Poland, Wroclaw - Poland, Bacau - Romania, Baia Mare - Romania, Bucharest - Romania, Bucharest - Romania, Bucharest - Romania, Bucuresti - Romania, Constanta - Romania, Galati - Romania, Oradea - Romania, Ploiesti - Romania, Ploiesti - Romania, Targu Mures - Romania, Timisoara - Romania, Barnaul - Russian Federation, Kemerovo - Russian Federation, Moscow - Russian Federation, Novosibirsk - Russian Federation, S. Petersburg - Russian Federation, St. Petersburg - Russian Federation, St. Petersburg - Russian Federation, Banska Bystrica - Slovakia, Bratislava - Slovakia, Bratislava - Slovakia, Bratislava - Slovakia, Dolny Kubin - Slovakia, Komarno - Slovakia, Levice - Slovakia, Levice - Slovakia, Lucenec - Slovakia, Prievidza - Slovakia, Trencin - Slovakia, Cape Town - South Africa, Cape Town - South Africa, Durban - South Africa, Johannesburg - South Africa, Johannesburg - South Africa, Observatory, Cape Town - South Africa, Port Elizabeth - South Africa, Pretoria - South Africa, Pretoria - South Africa, Richards Bay - South Africa, Soweto - South Africa, Soweto - South Africa, Lugo - Spain, Madrid - Spain, Taichung - Taiwan, Taipei - Taiwan, Taipei - Taiwan, Taipei - Taiwan, Taipei - Taiwan, Taoyuan County - Taiwan, Bangkok - Thailand, Bangkok - Thailand, Chiang Mai - Thailand, Kharkiv - Ukraine, Kiev - Ukraine, Kiev - Ukraine, Lviv - Ukraine, Mykolaiv - Ukraine, Poltava - Ukraine, Ternopil - Ukraine, Vinnitsa - Ukraine, Zaporizhzhya - Ukraine, Zaporizhzhya - Ukraine, Bexhill on Sea - United Kingdom, Birmingham - United Kingdom, Cardiff - United Kingdom, Chorley - United Kingdom, Dundee - United Kingdom, Glasgow - United Kingdom, Liverpool - United Kingdom, Liverpool - United Kingdom, London - United Kingdom, Manchester - United Kingdom, Reading - United Kingdom, Salford - United Kingdom",2011-01,2009-11-23,2016-11-02,INTERVENTIONAL,PHASE3,False
43,NCT00330473,Unknown,"{'name': 'Eli Lilly and Company', 'class': 'INDUSTRY'}",COMPLETED,2006-06,"Diabetes Mellitus, Type 2","Human Insulin Inhalation Powder, Insulin","Huntington Beach - United States, Pomona - United States, Jacksonville - United States, New Port Richey - United States, Orlando - United States, Chicago Heights - United States, Peoria - United States, Lafayette - United States, Topeka - United States, Metairie - United States, Pasadena - United States, Rockville - United States, Billerica - United States, Butte - United States, New York - United States, Westfield - United States, Corvallis - United States, Medford - United States, Corpus Christi - United States, Houston - United States, Gig Harbor - United States, Olympia - United States, Spokane - United States, Tacoma - United States, Buenos Aires - Argentina, Belo Horizonte - Brazil, Campinas - Brazil, Fortaleza - Brazil, Rio De Janeiro - Brazil, Setor Oeste/Goiania - Brazil, Edmonton - Canada, Winnipeg - Canada, St Johns - Canada, Kingston - Canada, Mississauga - Canada, Ottawa - Canada, Windsor - Canada, Montreal - Canada, Aarhus - Denmark, Hellerup - Denmark, Hvidovre - Denmark, Koege - Denmark, Ahmedabad - India, Bangalore - India, Chennai - India, Pune - India, Seoul - Korea, Republic of, Monterrey - Mexico, Katowice - Poland, Lublin - Poland, Warsaw - Poland, Wroclaw - Poland, Bayamón - Puerto Rico, Carolina - Puerto Rico, Rio Piedras - Puerto Rico, San Juan - Puerto Rico, Moscow - Russian Federation, Saint Petersburg - Russian Federation, Cape Town - South Africa, Pretoria - South Africa",2008-05,2006-05-26,2019-09-16,INTERVENTIONAL,PHASE3,False
44,NCT04226027,Unknown,"{'name': 'Columbia University', 'class': 'OTHER'}",ACTIVE_NOT_RECRUITING,2020-01-17,Type 2 Diabetes,T2.coach,"New York - United States, New York - United States",2024-12-30,2020-01-13,2024-08-19,INTERVENTIONAL,NA,False
45,NCT00396227,Unknown,"{'name': 'Novartis Pharmaceuticals', 'class': 'INDUSTRY'}",COMPLETED,2006-10,"Diabetes Mellitus, Type 2","vildagliptin, thiazolidinedione (TZD)",East Hanover - United States,2007-10,2006-11-06,2016-11-18,INTERVENTIONAL,PHASE3,False
46,NCT01809327,Unknown,"{'name': 'Janssen Research & Development, LLC', 'class': 'INDUSTRY'}",COMPLETED,2013-06-04,"Diabetes Mellitus, Type 2","Canagliflozin 100 mg, Canagliflozin 300 mg, Metformin XR","Birmingham - United States, Phoenix - United States, Encinitas - United States, Newport Beach - United States, Northridge - United States, Norwalk - United States, Rancho Cucamonga - United States, Walnut Creek - United States, Denver - United States, Northglenn - United States, Hialeah - United States, Miami - United States, New Port Richey - United States, Opa-locka - United States, Perry - United States, Evansville - United States, Mandeville - United States, Metairie - United States, Sunset - United States, Flint - United States, Kalamazoo - United States, Royal Oak - United States, Troy - United States, Olive Branch - United States, Picayune - United States, Albuquerque - United States, West Seneca - United States, Hickory - United States, Mooresville - United States, Franklin - United States, Mason - United States, Perrysburg - United States, Zanesville - United States, Oklahoma City - United States, Yukon - United States, Tualatin - United States, Fleetwood - United States, Norristown - United States, Pittsburgh - United States, Rapid City - United States, Nashville - United States, Austin - United States, Bellaire - United States, Dallas - United States, Houston - United States, Pearland - United States, Plano - United States, Bountiful - United States, Salt Lake City - United States, Danville - United States, Norfolk - United States, Richmond - United States, Buenos Aires - Argentina, Ciudad Autonoma Buenos Aires - Argentina, Ciudad Autonoma De Buenos Aires - Argentina, Cordoba - Argentina, Mar Del Plata - Argentina, Moron - Argentina, Rosario - Argentina, Zarate - Argentina, Passo Fundo - Brazil, Sao Paulo - Brazil, São Paulo - Brazil, Kromeriz - Czechia, Pardubice - Czechia, Praha 8 - Czechia, Praha - Czechia, Unicov - Czechia, Balatonfured - Hungary, Budapest - Hungary, Eger - Hungary, Szikszó - Hungary, Zalaegerszeg - Hungary, Goyang-Si - Korea, Republic of, Seoul - Korea, Republic of, Suwon - Korea, Republic of, Celaya - Mexico, Durango - Mexico, Guadalajara - Mexico, Mexico - Mexico, Monterrey - Mexico, Pachuca De Soto - Mexico, Tampico - Mexico, Carolina - Puerto Rico, Ponce - Puerto Rico, San Juan - Puerto Rico, Trujillo Alto - Puerto Rico, Bacau - Romania, Brasov - Romania, Bucharest - Romania, Bucuresti - Romania, Oradea - Romania, Tg Mures - Romania, Arkhangelsk - Russian Federation, Barnaul - Russian Federation, Chelyabinsk - Russian Federation, Kemerovo - Russian Federation, Moscow - Russian Federation, Penza - Russian Federation, Rostov-On-Don - Russian Federation, Saint Petersburg - Russian Federation, Saint-Petersburg - Russian Federation, Samara - Russian Federation, Saratov - Russian Federation, Smolensk - Russian Federation, St Petersburg - Russian Federation, St-Petersburg - Russian Federation, Syktyvkar - Russian Federation, Tomsk - Russian Federation, Tyumen - Russian Federation, Voronezh - Russian Federation, Banska Bystrica - Slovakia, Bratislava - Slovakia, Malacky - Slovakia, Presov - Slovakia, Rimavska Sobota - Slovakia, Sahy - Slovakia, Trebisov - Slovakia, Cape Town - South Africa, Durban - South Africa, Halfway - South Africa, Johannesburg N/A - South Africa, Johannesburg - South Africa, Soweto, Johannesburg - South Africa, Worcester - South Africa, Cherkasy - Ukraine, Dnepropetrovsk - Ukraine, Donetsk - Ukraine, Ivano Frankivsk - Ukraine, Kharkov - Ukraine, Kiev - Ukraine, Kyiv - Ukraine, Lviv - Ukraine, Odesa - Ukraine, Poltava - Ukraine, Sumy - Ukraine, Zaporozhye - Ukraine",2014-12-02,2013-03-12,2017-07-11,INTERVENTIONAL,PHASE3,False
47,NCT04234373,Unknown,"{'name': 'University Hospital, Basel, Switzerland', 'class': 'OTHER'}",RECRUITING,2020-07-01,"Glucose Intolerance, Obesity",Low Carb diet,Basel - Switzerland,2025-12,2020-01-21,2024-05-08,INTERVENTIONAL,NA,False
48,NCT03191227,Mitchelstown,"{'name': 'University College Cork', 'class': 'OTHER'}",COMPLETED,2010-04,"Cardiovascular Diseases, Diabetes, Obesity, Hypertension, Dyslipidemia, Metabolic Syndrome, Diet Habit, Life Style, Physical Activity, Smoking",No interventions listed,No locations listed,2011-05,2017-06-19,2017-06-19,OBSERVATIONAL,Not Available,False
49,NCT02077127,MCP-1,"{'name': 'Harbin Medical University', 'class': 'OTHER'}",COMPLETED,2011-09,Diabetic Retinopathy,No interventions listed,Harbin - China,2013-02,2014-03-04,2014-03-05,OBSERVATIONAL,Not Available,False
50,NCT01806727,LIFTDiabetes,"{'name': 'Wake Forest University', 'class': 'OTHER'}",COMPLETED,2013-04,"Type 2 Diabetes, Overweight, Obesity","Community Lifestyle Weight Loss (LWL), Diabetes Self Management (DSM)",Winston-Salem - United States,2017-03-30,2013-03-07,2018-08-15,INTERVENTIONAL,NA,False
51,NCT00342927,Unknown,"{'name': 'National Institute of Diabetes and Digestive and Kidney Diseases (NIDDK)', 'class': 'NIH'}",RECRUITING,2001-03-07,"Diabetic Nephropathy, Diabetes Mellitus, Diabetic Kidney Disease, Albuminuria",No interventions listed,Phoenix - United States,Unknown Date,2006-06-21,2025-02-13,OBSERVATIONAL,Not Available,False
52,NCT01910727,Unknown,"{'name': 'Johns Hopkins Bloomberg School of Public Health', 'class': 'OTHER'}",COMPLETED,2011-12,Diabetes,Together on Diabetes-Hopkins,Baltimore - United States,2015-07,2013-07-30,2017-03-20,INTERVENTIONAL,NA,False
53,NCT01109927,Unknown,"{'name': 'Lund University Hospital', 'class': 'OTHER'}",COMPLETED,1995-02,"Diabetes, Autoimmune, Diabetes Mellitus, Adult-Onset",Insulin,No locations listed,2002-04,2010-04-23,2010-04-23,INTERVENTIONAL,PHASE4,False
54,NCT03279627,Unknown,"{'name': 'University of Pittsburgh', 'class': 'OTHER'}",COMPLETED,2017-08-28,Diabetes Mellitus,Diabetes Management Questionnaire,Pittsburgh - United States,2019-07-01,2017-09-12,2019-08-05,OBSERVATIONAL,Not Available,False
55,NCT06545227,Unknown,"{'name': 'Imperial College London', 'class': 'OTHER'}",RECRUITING,2023-11-20,"Pregnancy Complications, Gestational Diabetes","continuous blood glucose monitoring in a subset of women (n=25) in the early monitoring group., Collection of urine, maternal blood at baseline and 28 weeks in a subset of women (n=25), Collection of umbilical cord blood, placental samples and cord tissue in a subset of women (n=25), Maternal and neonatal outcome data collection for all women in the study",London - United Kingdom,2026-05-01,2024-08-09,2024-08-09,OBSERVATIONAL,Not Available,False
56,NCT00807976,ODET,"{'name': 'Medical Research Foundation, The Netherlands', 'class': 'OTHER'}",COMPLETED,2009-01,"Orthostatic Hypotension, Diabetes Mellitus Type 2",No interventions listed,Zwolle - Netherlands,2010-05,2008-12-15,2010-10-08,OBSERVATIONAL,Not Available,False
57,NCT04073927,Unknown,"{'name': 'Steno Diabetes Center Copenhagen', 'class': 'OTHER'}",UNKNOWN,2019-08-05,"Diabetes Mellitus, Type 1, Albuminuria",Sodium butyrate,"Gentofte - Denmark, Helsinki - Finland",2020-08-05,2019-08-29,2019-09-03,INTERVENTIONAL,NA,False
58,NCT03260673,Unknown,"{'name': 'Beijing Tsinghua Chang Gung Hospital', 'class': 'OTHER'}",COMPLETED,2015-09-01,"Cataract, Diabetes Mellitus",specular microscope,No locations listed,2016-06-30,2017-08-24,2017-08-24,OBSERVATIONAL,Not Available,False
59,NCT01934673,DiabCare Asia,"{'name': 'Novo Nordisk A/S', 'class': 'INDUSTRY'}",COMPLETED,2013-09,"Diabetes, Diabetes Mellitus, Type 2",No treatment given,Selangor Darul Ehsan - Malaysia,2013-11,2013-09-04,2014-12-02,OBSERVATIONAL,Not Available,False
60,NCT00638573,Unknown,"{'name': 'University Hospital, Gentofte, Copenhagen', 'class': 'OTHER'}",COMPLETED,2006-01,"Chronic Pancreatitis, Type 2 Diabetes Mellitus",No interventions listed,Hellerup - Denmark,Unknown Date,2008-03-19,2010-01-13,OBSERVATIONAL,Not Available,False
61,NCT01950676,Unknown,"{'name': 'National University of Singapore', 'class': 'OTHER'}",COMPLETED,2013-03,Diabetes Mellitus,Smart phone application,Singapore - Singapore,2015-03,2013-09-25,2016-01-11,INTERVENTIONAL,NA,False
62,NCT00377676,Unknown,"{'name': 'VeroScience', 'class': 'INDUSTRY'}",COMPLETED,2004-07,Type 2 Diabetes Mellitus,"Cycloset, Usual Diabetes Therapy plus placebo",No locations listed,2007-01,2006-09-18,2016-06-10,INTERVENTIONAL,PHASE3,False
63,NCT03046927,PCR,"{'name': 'Benjamin U. Nwosu, MD', 'class': 'OTHER'}",COMPLETED,2017-10-19,Type 1 Diabetes,"Ergocalciferol, Placebo",Worcester - United States,2021-04-12,2017-02-08,2024-07-10,INTERVENTIONAL,"PHASE2, PHASE3",False
64,NCT03377127,PharmaMD,"{'name': 'William Beaumont Hospitals', 'class': 'OTHER'}",COMPLETED,2018-02-19,"Diabetes Mellitus, Type 2","Pharmacy Managed Diabetes Clinic (PMDC), Standard of Care (SOC)","Berkley - United States, Royal Oak - United States, Southfield - United States, Troy - United States",2020-05-22,2017-12-19,2021-06-30,INTERVENTIONAL,NA,False
65,NCT02161276,TNTL,"{'name': 'Guizhou Bailing Group Pharmaceutical Co Ltd', 'class': 'INDUSTRY'}",COMPLETED,2014-04,Accidental Exposure While Preparing Drug for Administration,"TNTL capsule, Placebo",Guiyang - China,2014-08,2014-06-11,2014-09-11,INTERVENTIONAL,"PHASE1, PHASE2",False
66,NCT03416127,Unknown,"{'name': 'University of Guadalajara', 'class': 'OTHER'}",COMPLETED,2018-01-30,"Diabetes Mellitus, Type 2","Propolis, Metformin, Placebo",Guadalajara - Mexico,2019-12-20,2018-01-30,2022-11-07,INTERVENTIONAL,PHASE2,False
67,NCT03206827,ScenoProt,"{'name': 'University of Helsinki', 'class': 'OTHER'}",COMPLETED,2016-11-29,"Colorectal Cancer, Type2 Diabetes","70% animal, 30% plant proteins in diet, 50% animal, 50% plant proteins in diet, 30% animal, 70% plant proteins in diet",No locations listed,2017-06-30,2017-07-02,2021-09-27,INTERVENTIONAL,NA,False
68,NCT02660827,Unknown,"{'name': 'Medtronic Diabetes', 'class': 'INDUSTRY'}",COMPLETED,2016-04-18,Type 1 Diabetes,Insulin Pump,"Escondido - United States, Palo Alto - United States, Torrance - United States, Aurora - United States, Jacksonville - United States, Tampa - United States, Atlanta - United States, Idaho Falls - United States, Indianapolis - United States, Ann Arbor - United States, Tel Aviv - Israel",2018-11-28,2016-01-21,2022-01-26,INTERVENTIONAL,NA,False
69,NCT01302327,Unknown,"{'name': 'Hadassah Medical Organization', 'class': 'OTHER'}",WITHDRAWN,2011-03-01,"Diabetes Mellitus Associated With Genetic Syndrome, Wolfram Syndrome",Exenatide,No locations listed,2013-03-01,2011-02-24,2022-03-29,INTERVENTIONAL,NA,False
70,NCT04980027,SAFEGUARD,"{'name': 'Sanofi', 'class': 'INDUSTRY'}",COMPLETED,2021-06-07,Type 2 Diabetes Mellitus,Insulin glargine (U300),"Jaipur - India, Nasik - India",2022-12-23,2021-07-28,2023-01-31,INTERVENTIONAL,PHASE4,False
71,NCT00456027,Unknown,"{'name': 'Diamyd Therapeutics AB', 'class': 'INDUSTRY'}",COMPLETED,2004-12,Latent Autoimmune Diabetes in Adult (LADA),rhGAD65 formulated in Alhydrogel® (Diamyd®),"Alingsås - Sweden, Falun - Sweden, Göteborg - Sweden, Helsingborg - Sweden, Härnösand - Sweden, Karlstad - Sweden, Kristianstad - Sweden, Luleå - Sweden, Malmö - Sweden, Norrköping - Sweden, Skellefteå - Sweden, Stockholm - Sweden, Stockholm - Sweden, Umeå - Sweden, Uppsala - Sweden, Växjö - Sweden, Östersund - Sweden",2008-03,2007-04-04,2011-06-10,INTERVENTIONAL,PHASE2,False
72,NCT00703027,Unknown,"{'name': 'Far Eastern Memorial Hospital', 'class': 'OTHER'}",COMPLETED,2002-10,Diabetes Mellitus,No interventions listed,No locations listed,Unknown Date,2008-06-20,2012-03-27,OBSERVATIONAL,Not Available,False
73,NCT05702073,Unknown,"{'name': 'Jiangsu HengRui Medicine Co., Ltd.', 'class': 'INDUSTRY'}",UNKNOWN,2023-03-31,Type 2 Diabetes Mellitus,"INS068 injection, Insulin Glargine",Shanghai - China,2024-10-23,2023-01-27,2023-05-09,INTERVENTIONAL,PHASE3,False
74,NCT05248776,Unknown,"{'name': 'Celon Pharma SA', 'class': 'INDUSTRY'}",UNKNOWN,2022-01-21,Type 2 Diabetes,"CPL207280, Placebo",Kajetany - Poland,2023-06-30,2022-02-21,2023-02-08,INTERVENTIONAL,PHASE2,False
75,NCT04654676,Unknown,"{'name': 'University Malaysia Sarawak', 'class': 'OTHER'}",COMPLETED,2018-09-15,"Diabetes Mellitus, Type 2",Vildagliptin,Kuching - Malaysia,2019-08-31,2020-12-04,2020-12-19,INTERVENTIONAL,PHASE4,False
76,NCT06222476,Unknown,"{'name': 'Yan Bi', 'class': 'OTHER'}",NOT_YET_RECRUITING,2024-02-20,Diabetic Nephropathy Type 2,"Dorzagliatin, Gliclazide",Nanjing - China,2025-05-31,2024-01-24,2024-01-24,INTERVENTIONAL,NA,False
77,NCT02655627,Unknown,"{'name': 'Biruni University', 'class': 'OTHER'}",COMPLETED,2015-04,Type 2 Diabetes,"Internet based exercise training, group exercise training, Physical activity counselling via a brochure","Istanbul - Turkey, Istanbul - Turkey",2016-06,2016-01-14,2020-01-27,INTERVENTIONAL,NA,False
78,NCT05505773,Unknown,"{'name': 'Kaiser Clinic and Hospital', 'class': 'OTHER'}",COMPLETED,2017-01-06,"Obesity, Diabetes Mellitus, Type 2",No interventions listed,No locations listed,2018-12-12,2022-08-18,2022-08-18,OBSERVATIONAL,Not Available,False
79,NCT04289727,Unknown,"{'name': 'Columbia University', 'class': 'OTHER'}",RECRUITING,2020-01-01,Type1diabetes,No interventions listed,New York - United States,2024-12-01,2020-02-28,2024-05-21,OBSERVATIONAL,Not Available,False
80,NCT02010827,EGP_Glucagon,"{'name': 'University Hospital, Gentofte, Copenhagen', 'class': 'OTHER'}",COMPLETED,2013-11,Type 2 Diabetes Mellitus,"isoglycemic intravenous glucose infusion and Glucagon infusion, day C, Oral glucose tolerance test, day A, intravenous iv glucose infusion, day B",Hellerup - Denmark,2014-09,2013-12-13,2015-12-02,OBSERVATIONAL,Not Available,False
81,NCT00038727,DPPOS,"{'name': 'National Institute of Diabetes and Digestive and Kidney Diseases (NIDDK)', 'class': 'NIH'}",UNKNOWN,2002-09,"Diabetes Mellitus, Cancer, CVD","DPPOS Group Lifestyle, Metformin, DPPOS Boost Lifestyle, Intensive Lifestyle Group Session",Rockville - United States,2024-10,2002-06-05,2021-12-28,INTERVENTIONAL,PHASE3,False
82,NCT02750527,Fr1dolin,"{'name': 'Kinderkrankenhaus auf der Bult', 'class': 'OTHER'}",COMPLETED,2016-09,"Type 1 Diabetes, Familial Hypercholesterolemia",No interventions listed,No locations listed,2020-12,2016-04-25,2021-06-16,OBSERVATIONAL,Not Available,False
83,NCT04379427,Unknown,"{'name': 'Sciema UG', 'class': 'OTHER'}",COMPLETED,2019-03-25,Diabetes Mellitus,Sanmina Biosensor,Mainz - Germany,2019-11-07,2020-05-07,2020-05-07,INTERVENTIONAL,NA,False
84,NCT05769127,Unknown,"{'name': 'University of Maryland, Baltimore', 'class': 'OTHER'}",RECRUITING,2023-04-26,"Diabetes, Pre Diabetes, Fatty Liver, Body Weight Changes","Diabetes Prevention Program (DPP), Diabetes Self-Management Training (DSMT)",Baltimore - United States,2025-12-31,2023-03-15,2024-05-03,INTERVENTIONAL,NA,False
85,NCT00591227,Unknown,"{'name': 'Rush University Medical Center', 'class': 'OTHER'}",COMPLETED,2008-05,Type 2 Diabetes Mellitus,"insulin aspart, insulin detemir",Chicago - United States,2009-07,2008-01-11,2022-02-07,INTERVENTIONAL,PHASE4,False
86,NCT02118376,Unknown,"{'name': ""Shanghai 10th People's Hospital"", 'class': 'OTHER'}",UNKNOWN,2014-08,Obesity,Exenatide,Shanghai - China,2014-12,2014-04-21,2014-04-21,INTERVENTIONAL,NA,False
87,NCT02243176,SMART,"{'name': 'AstraZeneca', 'class': 'INDUSTRY'}",COMPLETED,2014-09,Type 2 Diabetes Mellitus,"Saxagliptin, Acarbose",Shanghai - China,2015-09,2014-09-17,2017-04-14,INTERVENTIONAL,PHASE4,False
88,NCT00545727,Unknown,"{'name': 'Eunice Kennedy Shriver National Institute of Child Health and Human Development (NICHD)', 'class': 'NIH'}",COMPLETED,2006-07,"Type 1 Diabetes, Type 2 Diabetes, Impaired Glucose Metabolism","Diet, Standard diet",No locations listed,Unknown Date,2007-10-17,2007-10-17,INTERVENTIONAL,NA,False
89,NCT05345327,START,"{'name': 'The George Institute', 'class': 'OTHER'}",RECRUITING,2023-01-01,Type 2 Diabetes,"Dapagliflozin, Metformin","Sydney - Australia, Brisbane - Australia, Melbourne - Australia, Galle - Sri Lanka, Colombo 10 - Sri Lanka, Colombo - Sri Lanka, Jaffna - Sri Lanka, Kandy - Sri Lanka",2026-06-30,2022-04-25,2024-12-20,INTERVENTIONAL,PHASE3,False
90,NCT05394727,Unknown,"{'name': 'Nanfang Hospital, Southern Medical University', 'class': 'OTHER'}",RECRUITING,2021-04-01,"Injection, Blood Glucose, High, Glycemic Control, Gestational Diabetes","Needle-free injection device, Then traditional insulin pen, Traditional insulin pen , Then Needle-free injection device",Guangzhou - China,2023-06-30,2022-05-27,2023-03-29,INTERVENTIONAL,NA,False
91,NCT05919927,DBC,"{'name': 'Tampere University Hospital', 'class': 'OTHER'}",ACTIVE_NOT_RECRUITING,2018-06-07,"Diabetes Mellitus, Type 2, Cognitive Impairment, Hyperglycemia, Hypoglycemia, Mood",No interventions listed,Tampere - Finland,2022-12-31,2023-06-27,2023-06-27,OBSERVATIONAL,Not Available,False
92,NCT04977427,Unknown,"{'name': 'Baylor Research Institute', 'class': 'OTHER'}",UNKNOWN,2021-07,"Cataract Diabetic, Macula Edema","Dextenza 0.4Mg Ophthalmic Insert, Prednisolone Acetate 1% Oph Susp",No locations listed,2022-01,2021-07-27,2021-07-27,INTERVENTIONAL,PHASE4,False
93,NCT02485327,Unknown,"{'name': 'Mannkind Corporation', 'class': 'INDUSTRY'}",COMPLETED,2015-07,Type 1 Diabetes Mellitus,Technosphere Insulin SAR439065 Afrezza®,Mainz - Germany,2015-11,2015-06-30,2017-03-15,INTERVENTIONAL,PHASE1,False
94,NCT02931773,ACNDM2,"{'name': 'Instituto Nacional de Cardiologia Ignacio Chavez', 'class': 'OTHER'}",UNKNOWN,2016-08,Dysautonomia,Task Force® Monitor,Mexico City - Mexico,2017-07,2016-10-13,2016-10-13,OBSERVATIONAL,Not Available,False
95,NCT01217073,Unknown,"{'name': 'Merck Sharp & Dohme LLC', 'class': 'INDUSTRY'}",COMPLETED,2010-10-08,Type 2 Diabetes Mellitus,"Omarigliptin, Placebo to omarigliptin, Pioglitazone, Metformin, Placebo to metformin",No locations listed,2012-01-03,2010-10-08,2018-09-10,INTERVENTIONAL,PHASE2,False
96,NCT00681460,MetGDM,"{'name': 'K. Marcinkowski University of Medical Sciences', 'class': 'OTHER'}",COMPLETED,2008-05,"Diabetes, Gestational, Insulin Resistance","human recombined insulin, metformin",Poznan - Poland,2013-04,2008-05-21,2015-05-27,INTERVENTIONAL,NA,False
97,NCT04125160,Unknown,"{'name': 'Rigshospitalet, Denmark', 'class': 'OTHER'}",COMPLETED,2019-11-12,"HbA1c, Peritoneal Diseases, Glycated Albumin, Fructosamine, Continuous Glucose Monitoring","Continuous glucose monitoring, Glycaemic markers","Copenhagen - Denmark, Copenhagen - Denmark, Hillerød - Denmark, København Ø - Denmark, Roskilde - Denmark",2020-09-03,2019-10-14,2020-09-29,OBSERVATIONAL,Not Available,False
98,NCT01311076,Unknown,"{'name': 'Takeda', 'class': 'INDUSTRY'}",COMPLETED,2011-03,Type 1 Diabetes Mellitus,"TAK-329, TAK-329, Insulin, Placebo",Chula Vista - United States,2011-12,2011-03-09,2012-02-13,INTERVENTIONAL,PHASE1,False
99,NCT01880476,Unknown,"{'name': 'McMaster University', 'class': 'OTHER'}",COMPLETED,2013-06,"Diabetes Mellitus, Type 2",Home visits and group program,Hamilton - Canada,2015-12,2013-06-19,2016-07-11,INTERVENTIONAL,NA,False
